none,Borane,BS,A3A,Genome,Rounds
0.083724141,0.094758479,0.065937025,0.053681844,pUC19,2
0.53474633,0.234033182,0.649733597,0.511121818,mLambda,2
0.381529529,0.671208339,0.284329377,0.435196338,T4-hmC,2
0.070091411,0.062760361,0.06033881,0.043017562,pUC19,0
0.547355509,0.578739319,0.764904361,0.549983114,mLambda,0
0.38255308,0.358500319,0.17475683,0.406999325,T4-hmC,0